T0,T1,T2,T3,score,Trimmed Mean,STD Dev,STD Dev %
16,32,16,256,0.932810,0.975398,0.060129,6.16
