T0,T1,score,Trimmed Mean,STD Dev,STD Dev %
256,256,0.865487,0.767777,0.058000,7.55
