T0,T1,T2,score,Trimmed Mean,STD Dev,STD Dev %
32,32,64,0.349528,0.243823,0.003549,1.46
