T0,T1,T2,T3,score,Trimmed Mean,STD Dev,STD Dev %
16,16,8,256,0.886590,20.953485,0.090777,9.52
