T0,T1,T2,T3,score,Trimmed Mean,STD Dev,STD Dev %
1,1,1,1,649.450000,1270.000556,356.438481,28.11
