T0,T1,T2,T3,score,Trimmed Mean,STD Dev,STD Dev %
1,1,1,1,92.640000,93.657778,0.655752,0.70
