T0,T1,score,Trimmed Mean,STD Dev,STD Dev %
1024,1024,0.695735,8.717958,0.022853,3.18
