T0,T1,T2,score,Trimmed Mean,STD Dev,STD Dev %
128,128,64,1.190022,40.171666,0.035059,2.99
