T0,T1,T2,T3,score,Trimmed Mean,STD Dev,STD Dev %
1,1,1,1,29.010000,30.034444,0.783934,2.61
