T0,T1,T2,T3,score,Trimmed Mean,STD Dev,STD Dev %
1,1,1,1,1181.530000,1611.502222,302.155552,18.64
