T0,T1,score,Trimmed Mean,STD Dev,STD Dev %
2048,2048,0.560912,50.572212,0.011844,2.07
