T0,T1,T2,T3,score,Trimmed Mean,STD Dev,STD Dev %
1,1,1,1,131.760000,137.191111,3.106697,2.27
