T0,T1,T2,T3,score,Trimmed Mean,STD Dev,STD Dev %
16,16,8,32,0.983601,9.850583,0.091259,10.73
