T0,T1,T2,T3,score,Trimmed Mean,STD Dev,STD Dev %
1,1,1,1,17.390000,17.692500,0.356959,2.01
