T0,T1,T2,T3,score,Trimmed Mean,STD Dev,STD Dev %
32,32,2,256,0.921007,0.891382,0.013295,1.49
