T0,T1,score,Trimmed Mean,STD Dev,STD Dev %
512,512,0.654515,0.614983,0.025924,4.22
