T0,T1,T2,score,Trimmed Mean,STD Dev,STD Dev %
32,32,64,0.548607,0.541027,0.086563,16.00
