T0,T1,T2,score,Trimmed Mean,STD Dev,STD Dev %
32,32,32,0.407763,0.360915,0.052184,14.46
