T0,T1,score,Trimmed Mean,STD Dev,STD Dev %
2048,2048,0.601380,0.606320,0.030682,5.06
