T0,T1,T2,T3,score,Trimmed Mean,STD Dev,STD Dev %
16,16,2,128,0.916728,0.888425,0.016243,1.83
