T0,T1,T2,T3,score,Trimmed Mean,STD Dev,STD Dev %
16,16,4,128,0.903487,0.935233,0.105669,11.30
