T0,T1,T2,score,Trimmed Mean,STD Dev,STD Dev %
128,128,64,0.578973,0.575758,0.030661,5.33
