T0,T1,T2,score,Trimmed Mean,STD Dev,STD Dev %
32,32,64,0.243715,0.247514,0.043361,17.52
