T0,T1,T2,score,Trimmed Mean,STD Dev,STD Dev %
32,32,64,1.297625,1.387890,0.111738,8.05
