T0,T1,T2,score,Trimmed Mean,STD Dev,STD Dev %
128,128,64,0.751361,0.738183,0.017825,2.41
